edition_id,city_id,month_start,copies_sold,net_circulation
ED1005,C005,2023-05-01,404389,390879
ED1005,C005,2019-03-01,492943,467919
ED1001,C001,2023-07-01,168893,156608
ED1003,C003,2023-07-01,216540,206423
ED1007,C007,2020-10-01,234563,221515
ED1001,C001,2024-06-01,149986,143599
ED1001,C001,2024-04-01,155269,145875
ED1003,C003,2019-02-01,274749,261422
ED1005,C005,2019-05-01,498423,467490
ED1006,C006,2021-07-01,377357,359432
ED1010,C010,2023-11-01,389952,372482
ED1007,C007,2020-05-01,234054,219410
ED1001,C001,2022-04-01,166729,160754
ED1002,C002,2021-06-01,351210,332594
ED1006,C006,2024-11-01,304809,290879
ED1005,C005,2022-05-01,422488,399810
ED1002,C002,2020-03-01,356422,338917
ED1009,C009,2023-04-01,266904,253266
ED1004,C004,2022-08-01,231765,217607
ED1003,C003,2024-10-01,207963,198499
ED1007,C007,2020-03-01,232783,224829
ED1006,C006,2019-08-01,424402,397631
ED1001,C001,2021-10-01,194492,182336
ED1010,C010,2022-03-01,390340,377902
ED1007,C007,2022-11-01,216680,209628
ED1005,C005,2021-12-01,422959,404069
ED1004,C004,2022-03-01,215106,201143
ED1003,C003,2024-07-01,211625,195976
ED1002,C002,2023-01-01,319153,305450
ED1002,C002,2024-02-01,299137,277099
ED1006,C006,2023-10-01,333322,319776
ED1006,C006,2019-04-01,413633,384986
ED1005,C005,2023-01-01,395177,374721
ED1006,C006,2020-04-01,389210,377475
ED1008,C008,2024-08-01,283139,261404
ED1009,C009,2024-01-01,231585,221138
ED1010,C010,2024-09-01,364199,337504
ED1008,C008,2024-06-01,299314,281591
ED1009,C009,2019-08-01,312856,299559
ED1007,C007,2024-02-01,179614,168798
ED1005,C005,2020-01-01,447359,420680
ED1002,C002,2024-04-01,291694,269594
ED1001,C001,2023-02-01,171576,160317
ED1010,C010,2024-05-01,363888,346509
ED1006,C006,2023-09-01,346960,326529
ED1002,C002,2019-01-01,396250,380681
ED1005,C005,2023-07-01,386491,358485
ED1009,C009,2020-10-01,295294,274801
ED1010,C010,2019-04-01,495571,458576
ED1002,C002,2019-06-01,387789,376051
ED1008,C008,2020-07-01,351326,340178
ED1010,C010,2021-01-01,413556,382018
ED1007,C007,2019-06-01,235078,224697
ED1009,C009,2020-04-01,312704,294946
ED1002,C002,2023-12-01,292264,272454
ED1005,C005,2024-05-01,382678,354819
ED1003,C003,2024-08-01,215145,201200
ED1003,C003,2024-12-01,211342,195261
ED1002,C002,2020-01-01,374659,354418
ED1005,C005,2022-06-01,430228,415090
ED1008,C008,2021-05-01,351882,324561
ED1001,C001,2019-11-01,208186,199554
ED1002,C002,2019-07-01,384598,364489
ED1006,C006,2021-10-01,362712,337734
ED1004,C004,2021-11-01,240275,227272
ED1002,C002,2021-02-01,341324,330428
ED1010,C010,2019-07-01,478384,451974
ED1003,C003,2019-12-01,281893,264641
ED1008,C008,2020-12-01,370710,350415
ED1009,C009,2020-09-01,304566,281696
ED1010,C010,2020-09-01,479906,453504
ED1006,C006,2023-01-01,348027,323052
ED1002,C002,2019-10-01,372975,345453
ED1006,C006,2020-11-01,397852,369742
ED1003,C003,2019-05-01,297817,277466
ED1008,C008,2021-09-01,329679,316720
ED1009,C009,2019-06-01,334610,311993
ED1005,C005,2023-09-01,385975,374179
ED1010,C010,2024-07-01,377974,353111
ED1004,C004,2021-09-01,243443,225828
ED1008,C008,2021-06-01,354278,334492
ED1005,C005,2020-07-01,448097,425827
ED1003,C003,2023-01-01,236649,219504
ED1005,C005,2019-12-01,488725,472538
ED1001,C001,2021-08-01,191534,180443
ED1007,C007,2024-12-01,188572,179784
ED1008,C008,2022-10-01,321968,311434
ED1004,C004,2020-04-01,259434,250961
ED1007,C007,2021-02-01,222154,210518
ED1010,C010,2020-01-01,444565,419458
ED1004,C004,2020-07-01,241009,226177
ED1001,C001,2023-08-01,162799,152712
ED1003,C003,2024-06-01,218393,206578
ED1005,C005,2023-03-01,407058,380348
ED1003,C003,2021-07-01,265136,251464
ED1005,C005,2024-03-01,357236,335835
ED1002,C002,2019-05-01,397820,370331
ED1001,C001,2019-03-01,198628,184924
ED1008,C008,2022-09-01,317011,303540
ED1002,C002,2022-02-01,336080,324299
ED1005,C005,2019-04-01,492394,476559
ED1010,C010,2024-08-01,375754,363152
ED1005,C005,2020-12-01,473341,451136
ED1005,C005,2024-04-01,363198,344897
ED1003,C003,2024-05-01,215893,199792
ED1005,C005,2024-10-01,363181,348375
ED1003,C003,2022-02-01,238270,229782
ED1004,C004,2020-08-01,242482,230543
ED1004,C004,2019-12-01,271003,250836
ED1010,C010,2019-10-01,507012,487255
ED1002,C002,2022-11-01,327736,307061
ED1007,C007,2020-07-01,237334,228796
ED1009,C009,2022-12-01,288006,267034
ED1002,C002,2020-07-01,360134,336242
ED1008,C008,2019-11-01,385207,359788
ED1005,C005,2022-04-01,406326,381586
ED1006,C006,2020-06-01,408191,383114
ED1001,C001,2024-01-01,162016,149695
ED1009,C009,2019-04-01,323016,298961
ED1001,C001,2021-07-01,184874,173278
ED1001,C001,2024-10-01,161378,150954
ED1006,C006,2022-03-01,349292,338550
ED1009,C009,2022-11-01,265761,255747
ED1001,C001,2022-09-01,180272,166793
ED1005,C005,2019-07-01,495839,467947
ED1001,C001,2024-11-01,146927,139098
ED1006,C006,2021-05-01,394747,365203
ED1010,C010,2019-05-01,480926,445426
ED1009,C009,2020-01-01,298464,280118
ED1007,C007,2021-07-01,211986,204395
ED1010,C010,2021-02-01,437450,419345
ED1006,C006,2024-01-01,307998,294338
ED1004,C004,2019-05-01,256933,245808
ED1008,C008,2023-01-01,291126,281384
ED1005,C005,2022-12-01,431462,405905
ED1010,C010,2024-03-01,360722,336961
ED1002,C002,2024-05-01,273965,252173
ED1001,C001,2019-07-01,204007,191161
ED1004,C004,2019-08-01,277633,258175
ED1003,C003,2020-09-01,262987,253496
ED1003,C003,2020-10-01,270763,251754
ED1003,C003,2023-08-01,237182,221418
ED1002,C002,2024-01-01,282501,265405
ED1007,C007,2024-10-01,181025,169685
ED1006,C006,2021-12-01,375713,361775
ED1001,C001,2022-06-01,177239,163405
ED1002,C002,2022-01-01,333163,319875
ED1009,C009,2024-09-01,234482,217265
ED1001,C001,2023-09-01,163687,158221
ED1003,C003,2020-03-01,272221,251195
ED1007,C007,2021-09-01,230861,221441
ED1005,C005,2022-01-01,406330,374787
ED1008,C008,2021-04-01,331517,317133
ED1001,C001,2021-01-01,192396,180362
ED1008,C008,2022-02-01,309472,298577
ED1004,C004,2022-09-01,222260,207729
ED1008,C008,2022-11-01,337050,315829
ED1005,C005,2020-03-01,445242,426413
ED1006,C006,2024-12-01,311533,289465
ED1002,C002,2022-03-01,310536,299693
ED1002,C002,2019-11-01,400587,371010
ED1001,C001,2023-04-01,157662,146269
ED1010,C010,2021-08-01,433448,411082
ED1009,C009,2019-01-01,324890,311897
ED1009,C009,2020-02-01,320761,306737
ED1004,C004,2024-06-01,196578,181699
ED1004,C004,2022-06-01,217818,207573
ED1009,C009,2024-04-01,236282,220601
ED1005,C005,2021-07-01,421446,391127
ED1001,C001,2020-07-01,191981,181165
ED1004,C004,2021-05-01,249319,235171
ED1006,C006,2021-11-01,377815,360304
ED1009,C009,2021-04-01,294325,279077
ED1007,C007,2024-08-01,192417,184889
ED1001,C001,2024-02-01,156049,146168
ED1003,C003,2022-03-01,250696,241585
ED1008,C008,2019-03-01,377684,354854
ED1001,C001,2021-06-01,185010,172986
ED1003,C003,2024-01-01,212594,204290
ED1010,C010,2023-06-01,404964,392712
ED1004,C004,2023-02-01,211696,204336
ED1005,C005,2024-09-01,351552,331193
ED1007,C007,2022-02-01,215220,202833
ED1010,C010,2020-08-01,439256,424210
ED1007,C007,2020-06-01,234837,217479
ED1007,C007,2019-01-01,244851,229451
ED1009,C009,2022-08-01,263343,252045
ED1004,C004,2022-05-01,225790,217601
ED1005,C005,2024-06-01,359048,335673
ED1007,C007,2019-08-01,252600,242121
ED1003,C003,2021-09-01,249931,238758
ED1004,C004,2020-12-01,245115,237067
ED1006,C006,2024-07-01,318741,296940
ED1002,C002,2024-06-01,297083,274412
ED1003,C003,2023-05-01,232941,214681
ED1010,C010,2021-03-01,417421,392373
ED1003,C003,2020-08-01,281482,268887
ED1005,C005,2024-08-01,358432,341896
ED1009,C009,2023-08-01,255668,240496
ED1007,C007,2022-03-01,200941,186876
ED1009,C009,2019-03-01,327435,304584
ED1007,C007,2022-01-01,203847,190132
ED1005,C005,2021-08-01,421999,408660
ED1008,C008,2021-07-01,341449,323268
ED1002,C002,2021-09-01,352928,330394
ED1002,C002,2022-07-01,323679,302132
ED1010,C010,2021-04-01,443605,411833
ED1003,C003,2024-09-01,212229,200256
ED1009,C009,2024-10-01,247205,236258
ED1006,C006,2020-10-01,387298,356964
ED1002,C002,2020-09-01,375918,356485
ED1001,C001,2019-08-01,205447,192666
ED1002,C002,2020-06-01,370168,349416
ED1008,C008,2022-06-01,309216,295171
ED1010,C010,2022-05-01,423964,397157
ED1008,C008,2021-11-01,358005,336082
ED1008,C008,2022-12-01,325235,314400
ED1009,C009,2020-11-01,305201,282367
ED1010,C010,2023-02-01,373504,361565
ED1002,C002,2024-09-01,292026,272920
ED1001,C001,2021-05-01,192181,181259
ED1001,C001,2022-08-01,168287,161233
ED1001,C001,2022-07-01,179596,170834
ED1002,C002,2019-02-01,371419,347930
ED1003,C003,2020-12-01,260310,239715
ED1008,C008,2023-06-01,304510,294307
ED1009,C009,2023-06-01,247690,235574
ED1001,C001,2024-07-01,160376,153476
ED1001,C001,2019-12-01,201150,185892
ED1005,C005,2022-03-01,407619,385709
ED1009,C009,2019-11-01,321586,296785
ED1003,C003,2021-11-01,263279,251138
ED1004,C004,2024-11-01,195545,184375
ED1008,C008,2022-08-01,333280,310133
ED1007,C007,2019-03-01,240891,231209
ED1010,C010,2022-01-01,430430,414390
ED1007,C007,2020-08-01,242274,224620
ED1003,C003,2021-10-01,251391,231482
ED1008,C008,2019-10-01,384291,371655
ED1010,C010,2019-02-01,499292,476363
ED1002,C002,2019-12-01,395790,382903
ED1004,C004,2019-03-01,276670,265034
ED1007,C007,2023-06-01,202048,195968
ED1008,C008,2019-04-01,398299,381822
ED1007,C007,2021-12-01,210325,193975
ED1009,C009,2022-10-01,285568,268868
ED1009,C009,2023-10-01,268108,254034
ED1006,C006,2024-03-01,330634,309168
ED1002,C002,2019-08-01,379822,358673
ED1001,C001,2020-12-01,204263,193659
ED1001,C001,2020-04-01,193147,181725
ED1006,C006,2023-04-01,321252,309396
ED1007,C007,2020-02-01,240730,223612
ED1004,C004,2023-12-01,208141,195744
ED1004,C004,2021-08-01,229744,220060
ED1005,C005,2019-09-01,511248,484447
ED1008,C008,2021-02-01,359948,344661
ED1007,C007,2023-08-01,186610,177818
ED1004,C004,2023-01-01,207491,196510
ED1006,C006,2020-09-01,395698,367275
ED1005,C005,2022-08-01,429263,415432
ED1005,C005,2022-11-01,416265,397976
ED1006,C006,2024-06-01,327225,317038
ED1001,C001,2019-10-01,205192,198387
ED1004,C004,2021-10-01,233994,219310
ED1001,C001,2020-11-01,195830,183049
ED1004,C004,2019-06-01,277718,265727
ED1009,C009,2023-05-01,268292,253289
ED1010,C010,2023-09-01,405577,377801
ED1006,C006,2019-03-01,432945,414935
ED1009,C009,2021-02-01,286431,271837
ED1003,C003,2023-12-01,216335,199327
ED1006,C006,2024-10-01,303020,293304
ED1002,C002,2020-10-01,360098,342562
ED1008,C008,2023-08-01,298630,286748
ED1004,C004,2024-09-01,197044,187301
ED1006,C006,2022-10-01,341316,330634
ED1003,C003,2022-05-01,229715,216167
ED1009,C009,2019-05-01,321591,298872
ED1005,C005,2021-03-01,454923,425769
ED1003,C003,2019-10-01,291318,276042
ED1002,C002,2019-04-01,385918,370287
ED1006,C006,2019-01-01,421894,399372
ED1004,C004,2024-02-01,197427,190332
ED1001,C001,2024-09-01,156904,150566
ED1006,C006,2023-02-01,322438,304724
ED1003,C003,2022-09-01,230079,216226
ED1004,C004,2023-08-01,218647,207192
ED1004,C004,2020-09-01,245314,232157
ED1002,C002,2020-05-01,349433,326872
ED1009,C009,2021-10-01,302901,288717
ED1002,C002,2022-10-01,320199,295584
ED1002,C002,2023-06-01,315684,298178
ED1009,C009,2020-03-01,319438,305341
ED1005,C005,2019-02-01,474309,456903
ED1004,C004,2020-11-01,254696,243114
ED1001,C001,2019-01-01,211806,200137
ED1010,C010,2024-04-01,345007,332140
ED1005,C005,2022-09-01,395706,373343
ED1008,C008,2020-01-01,357592,343790
ED1006,C006,2019-10-01,402349,388531
ED1004,C004,2024-03-01,191673,184466
ED1002,C002,2022-09-01,333296,306874
ED1004,C004,2020-01-01,242186,230624
ED1005,C005,2022-10-01,434571,412092
ED1005,C005,2023-11-01,376918,351548
ED1004,C004,2023-11-01,202428,191920
ED1010,C010,2022-04-01,395165,364079
ED1003,C003,2019-01-01,282436,271668
ED1006,C006,2023-05-01,325865,311318
ED1006,C006,2022-09-01,350362,324645
ED1010,C010,2019-03-01,500405,471879
ED1008,C008,2020-08-01,366111,346211
ED1004,C004,2023-05-01,212634,203797
ED1007,C007,2024-06-01,178080,169327
ED1005,C005,2020-08-01,445977,415596
ED1005,C005,2020-11-01,477280,454201
ED1001,C001,2022-11-01,183103,174469
ED1004,C004,2022-10-01,215446,200707
ED1003,C003,2023-04-01,238467,228751
ED1010,C010,2024-12-01,374180,347963
ED1009,C009,2021-03-01,296487,286351
ED1002,C002,2021-12-01,328098,305127
ED1007,C007,2024-03-01,178757,168886
ED1008,C008,2021-10-01,332029,311890
ED1005,C005,2024-02-01,362743,340735
ED1002,C002,2021-05-01,333290,315636
ED1006,C006,2022-04-01,341419,329365
ED1009,C009,2024-08-01,231195,223948
ED1008,C008,2020-06-01,379174,358883
ED1006,C006,2019-02-01,420971,390265
ED1003,C003,2021-12-01,258495,248078
ED1005,C005,2020-05-01,457401,434487
ED1009,C009,2022-06-01,264467,250700
ED1010,C010,2022-08-01,418387,385419
ED1003,C003,2019-06-01,276093,267395
ED1002,C002,2023-05-01,307469,289446
ED1008,C008,2024-05-01,297245,278198
ED1009,C009,2023-01-01,253619,243957
ED1003,C003,2022-06-01,253273,239493
ED1010,C010,2022-09-01,399465,373928
ED1006,C006,2024-05-01,321247,301158
ED1006,C006,2019-12-01,405002,381675
ED1010,C010,2024-02-01,354606,339734
ED1008,C008,2020-03-01,371097,358617
ED1005,C005,2021-10-01,439290,421550
ED1010,C010,2023-08-01,401511,385822
ED1002,C002,2024-11-01,290649,274764
ED1002,C002,2024-10-01,287361,265690
ED1006,C006,2024-04-01,301702,278772
ED1005,C005,2021-09-01,449135,420365
ED1001,C001,2020-08-01,198483,185429
ED1003,C003,2021-05-01,259870,249030
ED1009,C009,2019-09-01,307061,293064
ED1005,C005,2021-01-01,427627,412664
ED1010,C010,2020-10-01,436144,404252
ED1001,C001,2020-01-01,192078,185088
ED1005,C005,2020-06-01,483654,468795
ED1005,C005,2024-07-01,348448,333266
ED1001,C001,2021-02-01,179246,171387
ED1008,C008,2021-08-01,333142,320360
ED1003,C003,2021-02-01,257262,237348
ED1001,C001,2022-03-01,172470,163799
ED1008,C008,2024-09-01,278845,269005
ED1004,C004,2021-06-01,230619,221769
ED1005,C005,2019-11-01,495689,475361
ED1007,C007,2021-10-01,222697,214958
ED1004,C004,2023-09-01,221093,204823
ED1003,C003,2019-11-01,276982,261122
ED1002,C002,2023-07-01,298251,288124
ED1010,C010,2021-07-01,446936,415956
ED1005,C005,2023-06-01,409139,385420
ED1004,C004,2024-12-01,206311,195436
ED1002,C002,2022-06-01,320662,307509
ED1006,C006,2022-01-01,356679,334971
ED1003,C003,2021-06-01,258144,250127
ED1008,C008,2019-08-01,376851,354026
ED1010,C010,2023-03-01,371591,349226
ED1001,C001,2023-10-01,172787,166984
ED1010,C010,2019-12-01,500432,462411
ED1004,C004,2019-07-01,263919,252855
ED1004,C004,2024-05-01,206377,197827
ED1001,C001,2020-06-01,195141,182446
ED1010,C010,2024-11-01,358044,342880
ED1005,C005,2021-11-01,433596,405626
ED1004,C004,2022-04-01,221038,214166
ED1007,C007,2020-04-01,241690,232887
ED1010,C010,2022-06-01,420921,401573
ED1003,C003,2022-11-01,234009,219585
ED1008,C008,2024-12-01,285163,274059
ED1009,C009,2023-12-01,247551,228922
ED1007,C007,2019-05-01,245193,234005
ED1002,C002,2020-11-01,367848,354381
ED1003,C003,2022-01-01,244673,226673
ED1005,C005,2020-02-01,441835,421018
ED1010,C010,2023-12-01,395877,373503
ED1008,C008,2021-01-01,347194,333190
ED1007,C007,2023-07-01,205824,196886
ED1007,C007,2023-04-01,198726,187630
ED1009,C009,2023-11-01,249976,239984
ED1009,C009,2020-07-01,295001,273537
ED1001,C001,2019-06-01,210775,200703
ED1010,C010,2023-10-01,386914,360616
ED1001,C001,2022-10-01,177713,164812
ED1006,C006,2024-09-01,307852,285907
ED1008,C008,2022-03-01,338562,312018
ED1003,C003,2021-04-01,257144,241600
ED1001,C001,2020-05-01,190618,182989
ED1001,C001,2023-01-01,170434,164702
ED1010,C010,2022-12-01,411852,397667
ED1010,C010,2019-11-01,464625,431606
ED1001,C001,2019-04-01,201220,194651
ED1007,C007,2023-02-01,193467,179455
ED1007,C007,2019-11-01,233314,222771
ED1005,C005,2021-05-01,417148,392138
ED1010,C010,2020-03-01,477141,460480
ED1004,C004,2024-08-01,190879,183736
ED1002,C002,2021-01-01,351519,335785
ED1004,C004,2024-10-01,202115,186047
ED1007,C007,2019-12-01,241389,222610
ED1004,C004,2019-10-01,254082,236651
ED1001,C001,2021-03-01,190942,182205
ED1010,C010,2020-06-01,448298,429249
ED1004,C004,2022-12-01,227071,215039
ED1001,C001,2023-03-01,166088,156609
ED1006,C006,2019-05-01,411524,398713
ED1004,C004,2020-02-01,250565,231874
ED1001,C001,2022-02-01,166471,161148
ED1003,C003,2020-02-01,267971,252902
ED1004,C004,2020-10-01,241553,227792
ED1010,C010,2022-07-01,399865,381949
ED1006,C006,2020-03-01,399016,382941
ED1006,C006,2019-11-01,410682,398079
ED1003,C003,2021-08-01,258613,241364
ED1009,C009,2021-11-01,298775,281610
ED1002,C002,2023-08-01,304256,280985
ED1008,C008,2021-03-01,342639,328327
ED1003,C003,2023-03-01,229761,216192
ED1009,C009,2022-01-01,269131,257807
ED1009,C009,2022-09-01,279981,268268
ED1007,C007,2021-01-01,224027,214504
ED1010,C010,2020-11-01,468330,445783
ED1007,C007,2023-01-01,198669,183644
ED1010,C010,2022-11-01,427465,396608
ED1009,C009,2020-12-01,319761,295192
ED1009,C009,2022-07-01,265621,250286
ED1001,C001,2024-08-01,151526,144635
ED1007,C007,2022-06-01,199486,183819
ED1003,C003,2021-01-01,248350,239927
ED1007,C007,2020-01-01,235068,226200
ED1007,C007,2022-12-01,199330,185885
ED1003,C003,2020-07-01,263800,251812
ED1005,C005,2020-10-01,460138,434321
ED1003,C003,2023-02-01,221274,212717
ED1008,C008,2019-09-01,383817,353309
ED1006,C006,2019-06-01,432670,415432
ED1006,C006,2020-12-01,403461,387696
ED1010,C010,2019-01-01,470435,432861
ED1008,C008,2020-04-01,366678,337887
ED1003,C003,2019-09-01,278122,265189
ED1007,C007,2023-03-01,188327,181848
ED1007,C007,2024-04-01,182586,173024
ED1004,C004,2019-11-01,257488,249328
ED1009,C009,2022-05-01,286832,268474
ED1009,C009,2020-06-01,321881,299478
ED1002,C002,2021-08-01,353024,339874
ED1006,C006,2024-02-01,321044,302744
ED1006,C006,2023-12-01,321671,297931
ED1010,C010,2019-08-01,502705,472916
ED1008,C008,2022-05-01,333128,320099
ED1002,C002,2019-03-01,370373,349128
ED1002,C002,2022-08-01,322620,311600
ED1006,C006,2022-12-01,350550,330560
ED1010,C010,2022-10-01,408626,387449
ED1002,C002,2022-12-01,317276,296225
ED1001,C001,2023-06-01,158938,152214
ED1003,C003,2019-08-01,287698,269944
ED1006,C006,2022-08-01,344331,326305
ED1010,C010,2021-06-01,415364,387173
ED1003,C003,2024-04-01,217667,208639
ED1007,C007,2023-11-01,199474,189019
ED1008,C008,2019-12-01,383849,367911
ED1007,C007,2024-09-01,191781,184124
ED1008,C008,2023-03-01,295287,283205
ED1001,C001,2019-09-01,210227,197449
ED1009,C009,2019-07-01,316967,298046
ED1001,C001,2022-01-01,176470,170214
ED1007,C007,2020-09-01,235511,228274
ED1002,C002,2024-08-01,292105,281808
ED1004,C004,2022-02-01,225391,210033
ED1005,C005,2020-04-01,449446,425503
ED1009,C009,2019-10-01,316135,297413
ED1008,C008,2022-04-01,317426,302520
ED1006,C006,2019-09-01,420151,390252
ED1001,C001,2023-12-01,167015,157247
ED1002,C002,2022-04-01,338604,313571
ED1008,C008,2020-02-01,370090,356733
ED1008,C008,2020-10-01,359740,348620
ED1009,C009,2024-05-01,248981,237359
ED1004,C004,2022-11-01,232272,217821
ED1009,C009,2021-06-01,301605,286334
ED1005,C005,2019-10-01,478235,460572
ED1007,C007,2022-10-01,201642,187400
ED1006,C006,2023-07-01,335223,315788
ED1003,C003,2019-07-01,297331,286064
ED1007,C007,2019-02-01,241078,223110
ED1008,C008,2024-07-01,281380,262316
ED1007,C007,2019-09-01,244928,232606
ED1010,C010,2021-12-01,427451,410406
ED1004,C004,2023-03-01,217142,210532
ED1009,C009,2023-03-01,270995,252286
ED1005,C005,2024-12-01,383036,362339
ED1009,C009,2024-03-01,240475,230597
ED1007,C007,2023-09-01,201743,190960
ED1003,C003,2019-04-01,294838,285391
ED1003,C003,2019-03-01,296371,281862
ED1008,C008,2020-11-01,366921,343752
ED1010,C010,2020-07-01,465825,436463
ED1008,C008,2021-12-01,341258,317112
ED1005,C005,2024-01-01,378727,361160
ED1007,C007,2021-08-01,230706,223469
ED1005,C005,2022-02-01,398343,376951
ED1003,C003,2022-07-01,249101,233002
ED1002,C002,2023-04-01,292983,270056
ED1009,C009,2021-12-01,283441,267121
ED1002,C002,2024-12-01,281237,269082
ED1010,C010,2022-02-01,402955,384664
ED1003,C003,2023-06-01,233916,225506
ED1004,C004,2024-04-01,206098,191008
ED1005,C005,2019-06-01,474645,454296
ED1006,C006,2022-05-01,341885,323211
ED1002,C002,2023-03-01,317071,295414
ED1003,C003,2022-04-01,245360,237417
ED1003,C003,2023-11-01,219522,202579
ED1007,C007,2019-07-01,252228,241715
ED1004,C004,2021-07-01,248360,232645
ED1006,C006,2023-08-01,324550,304244
ED1009,C009,2024-02-01,232412,220746
ED1002,C002,2023-10-01,300381,283909
ED1006,C006,2022-07-01,353031,341828
ED1010,C010,2021-09-01,420921,396678
ED1008,C008,2023-07-01,297132,277833
ED1004,C004,2019-04-01,272198,253796
ED1010,C010,2019-06-01,489575,462179
ED1009,C009,2021-05-01,284209,275346
ED1010,C010,2019-09-01,506401,477698
ED1009,C009,2020-08-01,292723,280785
ED1006,C006,2021-03-01,370814,354730
ED1010,C010,2023-01-01,385935,371931
ED1008,C008,2019-06-01,400540,381647
ED1004,C004,2023-04-01,209179,197153
ED1007,C007,2019-10-01,249706,234291
ED1007,C007,2024-05-01,176290,164659
ED1002,C002,2022-05-01,338375,322033
ED1004,C004,2020-05-01,258377,240256
ED1009,C009,2023-02-01,247852,233323
ED1006,C006,2020-02-01,418157,394258
ED1004,C004,2020-06-01,249823,233784
ED1008,C008,2024-04-01,289849,268397
ED1005,C005,2021-06-01,439438,421681
ED1006,C006,2023-03-01,351024,335589
ED1009,C009,2024-07-01,254073,243263
ED1005,C005,2024-11-01,353118,338453
ED1004,C004,2022-07-01,218233,208133
ED1004,C004,2024-07-01,191865,180502
ED1006,C006,2020-05-01,416717,395838
ED1006,C006,2021-01-01,368060,344439
ED1004,C004,2019-09-01,255312,236345
ED1010,C010,2021-11-01,414728,384371
ED1009,C009,2019-12-01,329058,311408
ED1007,C007,2022-05-01,209402,197431
ED1005,C005,2023-12-01,394044,369454
ED1008,C008,2019-02-01,372778,348712
ED1010,C010,2024-01-01,352843,326528
ED1010,C010,2020-05-01,438755,417476
ED1009,C009,2024-12-01,242429,232369
ED1009,C009,2022-02-01,273483,260781
ED1009,C009,2021-07-01,280815,262680
ED1008,C008,2023-05-01,310510,295799
ED1009,C009,2019-02-01,319110,301959
ED1002,C002,2020-02-01,378800,365397
ED1004,C004,2021-03-01,248447,236899
ED1003,C003,2020-04-01,279513,258504
ED1008,C008,2020-09-01,366091,338350
ED1001,C001,2021-12-01,183747,175533
ED1008,C008,2022-01-01,311206,286351
ED1003,C003,2021-03-01,257472,244889
ED1009,C009,2022-04-01,263383,244416
ED1009,C009,2021-08-01,283739,262908
ED1010,C010,2021-05-01,414465,396026
ED1002,C002,2020-12-01,349735,324607
ED1008,C008,2023-12-01,293693,273619
ED1004,C004,2021-01-01,227221,209893
ED1008,C008,2024-11-01,299971,279438
ED1007,C007,2021-05-01,231707,218193
ED1008,C008,2023-02-01,300348,290310
ED1009,C009,2023-07-01,249998,239198
ED1003,C003,2024-03-01,213084,202107
ED1006,C006,2021-09-01,385886,362264
ED1006,C006,2022-02-01,361828,344322
ED1009,C009,2021-09-01,284447,262721
ED1004,C004,2019-02-01,277678,259490
ED1001,C001,2019-05-01,213822,206883
ED1009,C009,2024-06-01,249959,234576
ED1008,C008,2022-07-01,315365,304580
ED1002,C002,2021-03-01,344462,318798
ED1008,C008,2024-10-01,281599,269360
ED1006,C006,2022-11-01,360956,346154
ED1007,C007,2024-11-01,186877,180714
ED1001,C001,2022-12-01,179866,173462
ED1001,C001,2021-09-01,191553,178924
ED1003,C003,2023-09-01,229149,222062
ED1002,C002,2024-03-01,294099,271168
ED1001,C001,2021-04-01,176911,168453
ED1009,C009,2023-09-01,245628,230974
ED1004,C004,2020-03-01,259573,251259
ED1007,C007,2023-10-01,194458,186625
ED1006,C006,2020-07-01,411237,396304
ED1005,C005,2019-01-01,476937,451463
ED1006,C006,2023-11-01,330041,314636
ED1006,C006,2021-08-01,369967,344856
ED1009,C009,2020-05-01,304022,280136
ED1007,C007,2024-07-01,174777,165706
ED1002,C002,2024-07-01,296188,277895
ED1001,C001,2024-03-01,161495,149765
ED1007,C007,2022-04-01,214527,207164
ED1002,C002,2023-09-01,303202,290264
ED1010,C010,2023-04-01,400526,375251
ED1008,C008,2020-05-01,365086,339802
ED1001,C001,2024-05-01,152776,144352
ED1001,C001,2020-03-01,186109,179781
ED1003,C003,2020-01-01,263752,253392
ED1001,C001,2022-05-01,183598,172736
ED1007,C007,2024-01-01,189977,182466
ED1006,C006,2020-08-01,394137,365935
ED1003,C003,2022-08-01,241959,228781
ED1004,C004,2019-01-01,266133,246186
ED1001,C001,2023-05-01,156940,151949
ED1005,C005,2023-02-01,402721,382247
ED1005,C005,2019-08-01,472599,453790
ED1004,C004,2021-12-01,232759,218571
ED1007,C007,2021-06-01,215646,203592
ED1007,C007,2020-12-01,241631,224574
ED1010,C010,2024-10-01,372642,352303
ED1004,C004,2023-06-01,216732,205347
ED1003,C003,2023-10-01,217132,209421
ED1003,C003,2020-06-01,275941,263432
ED1008,C008,2023-04-01,290811,268229
ED1006,C006,2022-06-01,356241,337013
ED1007,C007,2022-09-01,213418,199840
ED1002,C002,2021-10-01,341868,323898
ED1008,C008,2024-02-01,284638,272519
ED1006,C006,2021-06-01,389549,375152
ED1001,C001,2019-02-01,198270,183748
ED1010,C010,2020-12-01,474884,441825
ED1008,C008,2023-10-01,314092,302207
ED1002,C002,2019-09-01,364960,337322
ED1003,C003,2024-02-01,212262,196520
ED1001,C001,2021-11-01,183241,168711
ED1008,C008,2019-05-01,393557,380428
ED1006,C006,2024-08-01,319995,309516
ED1007,C007,2020-11-01,237095,226477
ED1006,C006,2019-07-01,403289,382902
ED1002,C002,2020-08-01,364920,347146
ED1005,C005,2023-04-01,372154,350008
ED1008,C008,2024-01-01,278000,269431
ED1005,C005,2023-10-01,370926,345813
ED1004,C004,2021-02-01,239784,223362
ED1001,C001,2020-02-01,205293,196455
ED1005,C005,2021-04-01,452804,438685
ED1009,C009,2021-01-01,299988,289493
ED1006,C006,2021-04-01,380638,367322
ED1004,C004,2023-10-01,205079,194163
ED1003,C003,2020-11-01,262140,241626
ED1010,C010,2024-06-01,357724,344826
ED1009,C009,2024-11-01,247679,228571
ED1007,C007,2023-05-01,205551,192554
ED1010,C010,2023-07-01,398429,380667
ED1008,C008,2019-01-01,362751,348222
ED1004,C004,2021-04-01,246463,234791
ED1008,C008,2024-03-01,284706,264461
ED1008,C008,2023-11-01,302169,279111
ED1003,C003,2022-10-01,231160,221273
ED1007,C007,2022-08-01,209478,202457
ED1010,C010,2021-10-01,425905,409103
ED1008,C008,2019-07-01,373047,343404
ED1001,C001,2023-11-01,169050,156508
ED1007,C007,2022-07-01,218712,208929
ED1008,C008,2023-09-01,303528,284866
ED1004,C004,2022-01-01,233409,219751
ED1001,C001,2020-10-01,204356,190381
ED1005,C005,2021-02-01,426950,396694
ED1007,C007,2021-04-01,229370,221381
ED1003,C003,2020-05-01,273866,261010
ED1004,C004,2024-01-01,197776,190090
ED1003,C003,2022-12-01,231378,221614
ED1006,C006,2021-02-01,386629,355947
ED1006,C006,2023-06-01,350455,329271
ED1007,C007,2023-12-01,192912,178336
ED1005,C005,2023-08-01,395985,370827
ED1005,C005,2020-09-01,472940,437370
ED1010,C010,2020-02-01,456793,433229
ED1002,C002,2023-11-01,301072,277232
ED1010,C010,2020-04-01,455526,433646
ED1002,C002,2021-04-01,330327,304907
ED1006,C006,2020-01-01,412578,382532
ED1002,C002,2020-04-01,374554,360926
ED1007,C007,2021-03-01,231185,223480
ED1005,C005,2022-07-01,418750,387843
ED1003,C003,2024-11-01,216889,209449
ED1007,C007,2021-11-01,228205,220455
ED1002,C002,2023-02-01,315721,295457
ED1009,C009,2022-03-01,284167,265463
ED1001,C001,2020-09-01,205413,191931
ED1010,C010,2023-05-01,379193,361583
ED1001,C001,2024-12-01,152122,145073
ED1002,C002,2021-11-01,356211,330755
ED1004,C004,2023-07-01,203130,190870
ED1007,C007,2019-04-01,253719,237209
ED1002,C002,2021-07-01,348093,336473
